city,latitude,longitude
Abakumov Mine,47.9947,37.6314
Abrykosivka,46.4891,33.0699
Adamivka,48.943000000000005,37.4481
Agrobaza,47.0979,37.4475
Ahaimany,46.6784,34.2616
Alchevsk,48.4729,38.8027
Alisivka,49.8435,36.422266666666665
Almazna,48.5205,38.5803
Ambarne,50.1093,37.6373
Amvrosiivka,47.7998,38.4874
Anatolivka,46.8103,31.205
Andriivka,48.47470303468208,37.498993786127166
Andriivka-Klevtseve,48.0485,36.5918
Antonivka,47.011498813056384,33.979735905044514
Antratsit,48.115,39.0913
Apostolove,47.66,33.7137
Arkhangelska Sloboda,46.6357,33.7057
Arkhanhelske,48.021261111111116,36.36152962962963
Armyansk,46.1145,33.69
Artemivka,49.9282,37.0805
Artemivsk,48.4386,38.7215
Artilne,50.2449,37.6206
Asiivka,49.3639,36.6842
Askaniia-Nova,46.4508,33.8694
Atynske,51.231100000000005,34.2763
Avdiivka,48.1394,37.7497
Azov,47.4535,37.1149
Azovske,46.7997,36.6802
Babakh-Tarama,46.8954,37.0854
Babyne,47.4024,34.0483
Bachivsk,51.845,34.2775
Bahate,47.5134,36.0811
Bahatyr,47.9931,36.9391
Baherovo,45.3763,36.2912
Bairak,48.72386666666667,37.8202
Bakhchysarai,44.7507,33.8642
Bakhmut,48.5956,37.9999
Bakhmutivka,48.8703,39.0497
Bakhmutske,48.6642,38.0949
Baksheivka,50.2044,37.2113
Balabyne,47.7421,35.2202
Balaklava,44.5116,33.5993
Balakliia,49.4606,36.8527
Balka Zhuravka,49.15809999999999,37.9749
Banivka,46.7499,36.3761
Barabashivka,49.1168,37.0548
Baranivka,48.86208157894737,37.06019473684211
Barvinkove,49.11777777777778,36.77634444444445
Barvinok,46.8085,32.4529
Barylo,51.0649,34.4558
Basan,47.3773,36.1811
Bashtanka,47.4072,32.4387
Basivka,51.1856,35.0877
Basove,50.3944,35.8948
Bayrak,50.0434,36.4369
Bazaliyivka,49.8278,36.991
Bekarivka,47.859,35.4265
Bekhtery,46.2465,32.2925
Belbek Airfield,44.691500000000005,33.5758
Berdiansk,46.7586,36.7845
Berdyanske,47.0896,37.784
Berdychi,48.1936,37.6405
Berehove,46.57149999999999,32.4135
Berestky,48.0116,37.2603
Berestok,48.4771,37.6965
Berestove,49.47673613861386,37.99189034653465
Berezan,46.5676,30.4295
Berezivka,48.356271428571425,37.037021428571435
Bereznehuvate,47.3078,32.8499
Bereznyky,50.2675,37.5896
Berezove,47.8077375,37.172475
Berkhivka,48.6469,37.9664
Berylivka,52.075,31.7399
Beryslav,46.8415,33.4284
Betmanove,48.1932,37.9169
Bezdryk,50.8666,34.948
Bezimenne,47.10248571428571,33.574976190476185
Bezmyatezhne,49.5642,37.2415
Bezruky,50.176,36.1205
Bezsalivka,51.2644,34.3925
Bezvodne,47.1722,33.2834
Bila Bereza,51.7339,34.3415
Bila Hora,48.49453555555556,37.88786666666667
Bila Krynytsia,47.308659090909096,33.172436363636365
Bila Tserkva,49.8094,30.1121
Bile,49.4857,37.5683
Bilenke,47.1036,33.477266666666665
Biliaivka,47.3269,33.6915
Bilmak,47.358,36.6491
Bilohiria,47.5268,36.0004
Bilohirka,47.1988,33.1371
Bilohirsk,45.0557,34.6049
Bilohorivka,48.853525,38.234962499999995
Bilohrudove,46.5506,32.5204
Bilokopytove,51.6677,34.0631
Bilokurakyne,49.5341,38.7307
Bilokuzmynivka,48.651599999999995,37.6775
Bilopillia,51.1483,34.3008
Bilousove,47.32320000000001,33.2324
Bilovodsk,49.2054,39.5828
Bilovody,51.1757,34.9765
Bilozerka,46.6248,32.4425
Bilozirka,47.0864,32.452
Bilyi Kolodiaz,50.2049,37.1118
Bilytske,48.4082,37.1795
Blahodarivka,46.969,31.7148
Blahodativka,47.51116,33.614113333333336
Blahodatne,47.794516883116884,36.29085454545455
Blahovischenka,47.4809,35.05499090909091
Blahovishchenske,46.6243,32.4727
Blakytne,47.565799999999996,34.54975
Bobrove,48.8055,38.6442
Bochkove,50.324400000000004,37.1409
Bohatyr,46.6267,35.2791
Bohdanivka,48.5308010230179,37.731364450127884
Bohdanivske,49.8893,37.8254
Bohdanivtsi,49.3767,27.1432
Bohodukhiv,50.1647,35.5277
Bohoiavlenka,47.8601,37.2135
Bohorodychne,49.0161,37.5083
Bohuslavka,49.4739,37.6837
Bokove,48.5218,37.0298
Boldyrivka,49.6325,37.5774
Bolohivka,50.0554,37.805
Bondarivshchyna,51.1538,34.5844
Bondarne,48.744,37.9277
Borivska Andriivka,49.411300000000004,37.7301
Borivske,48.8709,38.5605
Boromlia,50.6187,34.9667
Borova,49.3777,37.6214
Borozenske,47.1744,33.4237
Borshchova,50.1615,36.4236
Borysivka,50.2788,36.5584
Boyaro-Lezhachi,51.2698,34.21
Brazhkivka,49.0443,37.2151
Brody,50.0879,25.1503
Brovary,50.5181,30.8067
Brusivka,48.90959999999999,37.7813
Brusky,51.4067,34.2031
Bruskynske,47.1567,33.2102
Bryanka,48.4972,38.6715
Brylivka,46.4203,33.1411
Buchky,52.3063,33.1137
Budarky,50.3922,37.4179
Budivelne,51.6783,34.0591
Budky,51.2344,34.3333
Buhaivka,50.1465,36.8671
Buhas,47.6365,37.5623
Buhruvatka,50.2521,36.8229
Bulavynivka,49.4179,38.9754
Buniakyne,51.36659999999999,34.2293
Burchak,47.3735,35.3025
Burhunka,46.8118,33.2251
Burkhanivka,46.9848,32.6314
Burlatske,47.8837421686747,36.74247108433735
Butovka-Donetskaya Mine,48.0675,37.7919
Bylbasivka,48.84,37.506
Cape Fiolent,44.4978,33.4874
Chaikivka,50.0778,36.191
Chaikyne,46.911,32.9907
Chaplynka,46.3651,33.5403
Charivne,47.53078070175439,35.79127192982456
Chasiv Yar,48.5869,37.8324
Chelburda,46.61639999999999,32.9468
Chepil,49.322,36.9165
Cherevkivka,48.8301,37.641
Cherkaska Lozova,50.1046,36.2225
Cherkaske,48.79153333333333,36.718066666666665
Cherkaski Tyshky,50.1191,36.4109
Cherkasy,49.42850000000001,32.0621
Cherneshchyna,49.3142,37.8493
Cherneve,51.5824,34.0082
Chernihiv,51.5055,31.2849
Chernihivka,47.1999,36.1615
Chervona Dolyna,47.619725,33.520275
Chervona Krynytsia,47.604000000000006,35.8874
Chervona Zoria,50.4066,36.1299
Chervone,48.67201025641025,37.545750000000005
Chervoniy Stav,47.2237,32.6134
Chervonodniprovka,47.5693,34.97
Chervonohrad,50.3911,24.2351
Chervonopopivka,49.1318,38.1529
Chervonyi Lyman,48.6202,38.7435
Chervonyi Mayak,46.9494,33.5995
Chervonyi Partyzan,48.2627,37.915
Chervonyi Yar,47.315583333333336,33.582950000000004
Chervonyi Zaporozhets,47.7022,33.9269
Chkalova,47.61260000000001,36.5218
Chkalove,46.882733333333334,34.22813333333333
Chmyrivka,49.292,38.9537
Chonhar,46.0319,34.5473
Chonhar Checkpoint,45.9941,34.5509
Chornobaivka,46.6974,32.5526
Chornohlazivka,50.2384,36.0497
Chornomorsk,46.3049,30.654700000000002
Chornomorske,45.6004,32.5468
Chornukhyne,48.3234,38.5227
Chuhuieve,48.2085,36.7899
Chuhuiv,49.8359,36.688
Chuhunivka,50.1824,37.6008
Chulakivka,46.36010000000001,32.3473
Chumakove,51.2218,33.8939
Chumaky,46.8765,31.7723
Chumatske,48.09680967741935,37.088861290322576
Chunyshyne,48.233,37.2038
Chystiakove,48.0217,38.6462
Chystopillya,47.372800000000005,35.6628
Chystovodivka,49.4015,37.3385
Coast Of Donetsk,46.691,37.282
Coast Of Sevastopol,44.6222,33.4661
Dacha,48.442,38.0433
Dachenske,48.2129,37.2195
Dachi,46.664,32.7223
Dachne,48.22609473684211,37.509957368421055
Dalnie,47.9451,37.2706
Dariivka,46.7477,32.805
Davydiv Brid,47.2407,33.1931
Debaltseve,48.3373,38.4047
Dehtiarne,50.4421,37.4522
Dementiivka,50.234,36.238
Demuryne,48.181,36.4722
Demyanivka,51.9549,34.1244
Demyno-Oleksandrivka,50.0339,38.2328
Denezhnykove,49.0359,38.9502
Derhachi,50.1066,36.1211
Desna,50.9251,30.7722
Dibrivne,48.989,37.2492
Dibrova,48.99466729166667,38.04358145833333
Dmytrivka,48.6887125,36.2473375
Dnipro,48.45929999999999,35.0386
Dniproenerhiia,47.9208,36.7984
Dniprorudne,47.38989999999999,35.0007
Dniprovka,47.7552,34.9049
Dniprovske,46.5907,32.45673333333333
Dnipryany,46.7485,33.2663
Dobra Nadiya,47.5934,34.7015
Dobre,47.39090000000001,32.7789
Dobrianka,47.4611,33.6206
Dobropillia,48.4615,37.0852
Dobropillya,47.7847,36.1898
Dobrovillia,48.497550000000004,36.35445
Dokuchaevsk,47.7492,37.6777
Dokuchaieve,45.2923,34.3684
Dokuchaievske,49.8933,36.4503
Dolomytne,48.416,38.1346
Dolya,47.8741,37.7193
Dolyna,48.9993,37.4301
Dolynivka,48.0977,37.4134
Dolynka,47.4754,35.5444
Domanivka,47.6319,30.9885
Donets,49.5082,36.5737
Donetsk,48.015,37.8014
Donetsk - Budonivskyi,47.9668,37.8377
Donetsk - Central Railway Station,48.0439,37.7462
Donetsk - Donetsk Airport,48.0712,37.7407
Donetsk - Kalininskyi,48.0046,37.8401
Donetsk - Kirovskyi,47.968,37.5475
Donetsk - Kuibyshivskyi,48.0233,37.7276
Donetsk - Kyivskyi,47.9857,37.8625
Donetsk - Leninskyi,47.9617,37.7734
Donetsk - Petrovskyi,47.94949999999999,37.6138
Donetsk - Proletarskyi,47.9573,37.9144
Donetsk - Voroshilovsky,48.0177,37.8063
Donetske,49.02142,37.5152
Donske,46.2802,35.8762
Doroshenkove,50.1012,37.168
Doroshivka,49.8301,37.5655
Dorozhnianka,47.5886,36.261100000000006
Dorozhnie,48.421,37.2256
Doslidne,46.6642,32.253
Dovha Balka,48.4912,37.6062
Dovhalivka,49.3821,37.0748
Dovhenke,49.39669,37.45525333333333
Dovhove,47.3804,33.3661
Dovzhik,50.198,35.9469
Drobysheve,49.0433,37.7341
Dronivka,48.9207,38.0425
Druzhba,48.40973827160494,37.91054320987655
Druzheliubivka,49.22756896551724,37.793320689655175
Druzhkivka,48.6165,37.5292
Druzhne,47.8262,35.5927
Dubiivka,49.3534,31.8698
Dubivka,48.20194,34.83566
Dubno,50.4169,25.7343
Dubovo-Vasylivka,48.6497,37.9306
Dudchany,47.1879,33.7807
Dudchyne,46.5658,33.7274
Duvanka,50.3053,36.0546
Dvorichanske,50.0247,37.7686
Dvorichchia,48.7001,38.0265
Dvorichna,49.8502,37.6826
Dvorichne,49.8533,37.7325
Dyakove,47.9433,39.1377
Dyliivka,48.43271176470588,37.87728235294118
Dymivske,47.4893,31.8926
Dzhankoy,45.7095,34.3891
Dzherelne,49.41389999999999,37.9524
East Coast Of Crimea,44.98,32.981
Enerhodar,47.49869999999999,34.6574
Eskhar,49.7961,36.5904
Esman,51.7701,34.0673
Fedorivka,48.39178099173554,37.445674380165286
Fedorivka Druha,48.7604,37.8555
Feodosia,45.0347,35.3795
Filiia,48.0884,36.7562
Fyholivka,49.89860000000001,37.7015
Grafske,47.6753,37.4117
Granitne,47.3206,37.5515
Hai,47.919,36.2887
Halytsynivka,48.1011,37.447
Halytsynove,46.8005,31.9513
Hannivka,47.91055172413793,37.039824137931035
Harbuzivka,50.1291,37.1443
Hasychivka,52.0145,31.7783
Hatyshche,50.3,36.8674
Havrylivka,47.43061052631579,34.34919473684211
Havrylivka Druha,46.178,33.4689
Henichesk,46.17589999999999,34.8034
Heorhiivka,47.96261736334405,37.43656591639871
Heroiske,46.5135,31.8892
Hirke,47.6664,36.0999
Hirnyak,48.00719999999999,37.7148
Hirnyk,48.0565,37.3718
Hirsk,52.0186,31.8535
Hirske,48.7346,38.4954
Hladkivka,46.4111,32.6405
Hladosove,48.4315,38.0676
Hlevakha,50.2596,30.3059
Hlukhe,47.6767,34.7989
Hlukhiv,51.6782,33.9162
Hlushchenkove,49.21249999999999,37.7815
Hlushkivka,49.5858,37.7083
Hlyboke,50.255,36.425
Hnativka,48.27843636363637,37.31287727272728
Hnylytsia,50.3011,34.6713
Hodunivka,51.7418,33.956
Hoholivka,47.4763,36.6474
Hola Prystan,46.5272,32.5242
Holmivskyi,48.4046,38.0817
Holoskiv,49.3856,27.3475
Holubivka,49.65535757575758,37.66265606060606
Holykove,49.1664,38.1677
Honcharivka,49.4757,38.1519
Honcharivske,51.298,30.9298
Honcharne,46.5751,32.3434
Hoptivka,50.2828,36.2693
Horikhove,48.0987,36.9165
Horlivka,48.3133,38.0416
Hornostaivka,47.0078,33.729
Horobivka,49.836800000000004,37.7329
Horokhovatka,49.3439,37.5247
Hostre,47.9935,37.4014
Hrabovske,50.6984,35.4544
Hrafske,50.22729999999999,36.8451
Hrakove,49.78955,37.39445
Hranitne,47.4574,37.8682
Hraniv,50.3629,36.2239
Hrebenykivka,50.7361,35.0045
Hrekivka,49.245,37.9205
Hremyach,52.3344,33.2886
Hremyachka,52.248,32.7894
Hrianykivka,49.8459,37.7137
Hrodivka,48.2629,37.3789
Hrozove,47.4728,35.4408
Hrunivka,50.9954,35.1053
Hrushivka,49.6694,37.4958
Hrushuvakha,49.1149,36.8969
Hruzke,48.5459,37.288
Hryhorivka,48.778787914230016,37.970488304093564
Hryhorivske,47.7533,35.4559
Hryshyne,48.105199999999996,36.80894166666666
Hrytsyny,50.7341,34.3327
Huliaipilske,47.6109,36.0623
Huliaipole,47.663900000000005,36.2563
Huriv,50.2876,35.7214
Hurzuf,44.55,34.2858
Husarivka,49.29031428571428,36.8474
Husynka,49.8259,37.4274
Hvardiyske,45.1158,34.0217
Hyryno,51.1865,34.3496
Ilchenkove,47.3989,35.7983
Ilichanka,46.5983,30.7916
Iline,47.0177,36.1203
Illinivka,48.4955,37.6677
Illinka,47.8948085106383,36.574876595744676
Ilovaisk,47.9245,38.1965
Inhulets,46.92771428571429,32.887857142857136
Inhulivka,46.9024,32.9423
Inzhenerne,47.208318181818186,34.87692727272727
Irmino,48.5988,38.5917
Ishchenka,47.1771,33.2467
Iskrivka,48.1977,33.3832
Iskryskivshchyna,51.239,34.3766
Island Kozachyi,46.769,33.3388
Island Zabych,46.5395,32.3202
Ivanhrad,48.559,38.0262
Ivanivka,48.84242689873418,36.8371585443038
Ivanivske,48.570900977995116,37.91239535452323
Ivano-Darivka,48.8138,38.1948
Ivano-Frankivsk,48.9215,24.7097
Ivanopillia,48.479499999999994,37.7601
Ivashky,50.392599999999995,35.8246
Ivolzhanske,51.0695,34.8741
Izbytske,50.2033,36.7417
Izhevka,48.5862,37.6717
Izium,49.2088,37.2485
Iziumske,49.2664,37.8186
Izmailivka,48.056000000000004,37.346
Kacha,44.7753,33.5437
Kachkarivka,47.0987,33.7445
Kadiivka,48.5682,38.6435
Kairy,46.9473,33.7055
Kakhovka,46.8137,33.487
Kalanchak,46.2562,33.2907
Kalenyky,48.8442,37.9165
Kaluha,47.36350000000001,32.941
Kalynivka,48.49934957983193,37.474808403361344
Kalynivske,47.6726,35.591775
Kalynove,48.224711594202894,37.43432753623188
Kalynove-Borshchuvate,48.6197,38.4919
Kamiane,47.3964,33.2982
Kamianka,49.52261899999999,37.714726999999996
Kamianka-Dniprovska,47.464,34.4305
Kamianska Sloboda,52.264,33.289
Kamianske,47.5424,35.3662
Kamyana Yaruha,49.8927,36.5977
Kamyanka,48.22939223300971,37.75801844660194
Kamyanske,47.134875,35.3624
Kamyshevakha,48.697300000000006,38.3851
Kanatove Airdrome,48.5622,32.3807
Kapulivka,47.5473,34.2296
Karasivka,50.2669,36.0719
Karavan,50.0654,36.1282
Kardashynka,46.5557,32.6124
Karierne,47.3391,33.2133
Karlivka,48.1117,37.4908
Karmazynivka,49.3114,38.03
Karnaukhivka,49.032999999999994,37.0407
Karpaty,48.5093,38.8582
Karpivka,49.14203962264151,37.64218113207547
Karpovychi,52.2177,32.3804
Kashtanove,48.1206,37.8312
Katerynivka,48.51698699186992,37.258266666666664
Katranka,45.6191,29.7663
Kavkaz,47.2887,33.0694
Keramik,48.253,37.6826
Kerch,45.3581,36.4675
Kerch Strait,45.3162,36.5686
Kermenchyk,47.7087,36.9409
Kharkiv,49.9808,36.2527
Khartsyzk,48.04189999999999,38.1409
Khatnie,50.1225,37.5655
Kherson,46.655800000000006,32.6178
Khimik,48.8407,37.6474
Khlibodarivka,47.479,37.4015
Khmelivka,50.7284,35.2329
Khmelnytskyi,49.4128,26.998
Khodyne,51.5283,34.223
Khomivka,49.5038,38.1504
Khoroshe,48.6273,38.8477
Khotin,51.0786,34.78
Khrapivshchyna,51.0796,34.9572
Khreshchatytske,47.2351,37.9256
Khreshchenivka,47.3838,33.8245
Khrestysche,48.9204,37.4908
Khrestyshche,49.5508,35.5164
Khrinivka,52.0752,31.8412
Khromove,48.5973,37.9451
Khrustalne,48.1478,38.8515
Khrypuny,50.353,37.3057
Khrystoforivka,47.2702,32.2541
Khutir Stavky,48.252,37.9362
Khutir-Mykhailivskyi,52.0444,33.9402
Kindrashivka,49.76859999999999,37.5795
Kindrativka,50.96508620689655,34.94952068965517
Kinski Rosdory,47.4116,36.4152
Kirovske,48.1503,38.361
Kirovskoye,45.2229,35.205
Kivsharivka,49.63,37.6733
Kizomys,46.5634,32.3478
Klapaya,46.7174,32.4143
Kleban Byk,48.4253,37.7662
Klischiivka,48.5279,37.9582
Kluhyno-Bashkyrivka,49.8406,36.7111
Klymentove,50.382,34.9261
Klynova Novoselivka,50.3699,35.8254
Klynove,48.562,38.1601
Klyuchove,47.6761,36.8652
Kniaze-Hryhorivka,47.1096,33.8543
Kniazivka,47.5217,33.5225
Kobleve,46.665,31.208
Kobzartsi,47.1439,32.7665
Kochetok,49.872,36.7261
Kochubeivka,48.88095,34.724599999999995
Kodema,48.4729,38.0857
Kohany,46.5308,32.6063
Kokhane,47.2962,35.5093
Kolesnykivka,48.6783,39.6891
Kolisnykivka,49.572512605042014,37.703770588235294
Kolodiazi,49.082899999999995,37.881
Kolodiazne,50.0061,37.6852
Kolomiytseve,47.9701,33.5292
Kolomyichykha,49.4473,37.9718
Kolosky,47.6875,38.2042
Komar,47.9776,36.7468
Komarivka,49.2846,37.4771
Komisarove,50.2878,37.504
Komsomolets,48.338,37.9755
Komsomolske,47.6683,38.0742
Komysh-Zorya,47.3292,36.6984
Komyshany,46.6361,32.5032
Komyshivka,48.1804,37.4681
Komyshuvakha,47.995266666666666,36.233637037037035
Konovalova,47.4929,35.5408
Kopani,47.4569,35.7258
Kopanky,49.3699,37.8513
Kopteve,48.381,37.366
Koptiv,49.9416,33.8314
Korchakivka,51.0899,34.8906
Korobky,46.7328,33.4889
Korobochkyne,49.7783,36.8153
Koroviy Yar,49.1549,37.6295
Korsun,48.2044,38.0823
Korsunka,46.7601,33.1971
Korzhove,49.372,38.368
Koshara,47.1271,33.3989
Koshelivka,49.7428,38.0311
Kostiantynivka,48.268781561822124,37.45058199566161
Kostiantynopil,47.99850000000001,37.0374
Kostiantynopolske,47.9236,37.1837
Kostobobriv,52.2314,32.9145
Kostohryzove,46.52866,33.14714
Kostomarivka,47.8195,32.1138
Kostromka,47.139100000000006,33.151
Kostyrka,46.9815,33.467
Kotivka,50.1356,37.0803
Kotliareve,46.8867,32.222
Kotliarivka,48.78431038251366,37.353849726775955
Kotlyne,48.2554,37.05
Kotovske,45.697,33.1658
Kovali,50.3412,35.9167
Kovalivka,49.39377407407408,37.9347925925926
Koviahy,49.9146,35.5512
Kozacha Lopan,50.3319,36.1936
Kozachi Laheri,46.70349999999999,32.9807
Kozatske,46.83051846153847,33.45989076923077
Kozylivka,51.8851,32.7139
Kozyutivka,49.4533,37.2776
Kramatorsk,48.7306,37.5816
Krasna Hora,48.65859999999999,38.0201
Krasna Polyana,47.5595,37.0728
Krasne,49.8665,36.08505
Krasne Pershe,49.9438,37.7553
Krasnohorivka,48.006,37.5097
Krasnohvardiiske,45.369119999999995,34.556039999999996
Krasnokutsk,50.066,35.1628
Krasnoperekopsk,45.9538,33.7948
Krasnopillia,50.09692413793103,36.07643103448276
Krasnopolivka,48.732000000000006,38.0475
Krasnorichenske,49.2161,38.2038
Krasnyi Luch,48.141,38.9365
Krasnyi Lyman,48.377180952380954,37.400823809523814
Krasnyi Yar,48.32926666666666,37.34027916666667
Kremenchuk,49.068,33.4204
Kreminets,47.9166,37.6184
Kreminna,49.0495,38.2179
Kreminna Balka,48.0712,37.2801
Kremnivka,45.4686,34.0829
Kreydianka,49.4372,36.7751
Krokhmalne,49.5741,37.9163
Krolevets,51.5478,33.3848
Kropyvnytskyi,48.5153,32.2545
Kruhle,50.4241,37.4145
Kruhliakivka,49.5204,37.7208
Krupytsia,46.993,33.5821
Kruta Balka,48.143299999999996,37.8256
Krutiy Yar,48.2323,37.3382
Krutyi Yar,46.7719,32.4857
Kruzhok,51.3017,34.2021
Krymki,49.1384,37.569
Krymske,48.4097,37.8665
Krynky,46.7467,33.1187
Krynychanka,47.0404,33.202
Krynychanske,48.5958,38.753
Krynychky,46.7432,34.478
Krynychna,48.1284,38.0283
Krynychne,48.573033333333335,38.568266666666666
Kryva Luka,48.87350000000001,37.9053
Kryvorizhzhia,48.4443,36.9165
Kryvoshyivka,49.4982,38.0031
Kryvyi Rih,47.9093,33.3933
Kucheriv Yar,48.5076,37.2742
Kucherivka,49.81902,37.49715500000001
Kudiivka,50.28979999999999,36.2627
Kulahivka,49.7499,37.6604
Kulykivka,49.6801,38.1959
Kumachove,47.6255,38.2673
Kunie,49.3918,37.2464
Kupiansk,49.7106,37.6152
Kupiansk-Vuzlovyi,49.6604,37.6439
Kupievakha,49.9933,37.276
Kurakhivka,48.0307,37.3728
Kurakhove,47.9836,37.2823
Kurdiumivka,48.4684,37.9567
Kurhanne,45.0678,33.9374
Kuroidivka,48.6285,37.0601
Kurulka,48.9447,37.2413
Kurylivka,49.6603,37.6987
Kushchove,47.7695,35.5954
Kushuhum,47.7165,35.2086
Kutkivka,49.8746,37.5932
Kutsurub,46.65279999999999,31.6178
Kutuzivka,50.0424,36.4702
Kuzemivka,49.5206,37.9822
Kuzmine,49.0063,38.1504
Kuzminivka,48.7956,38.0693
Kvashyne,47.7447,38.586
Kvitneve,47.0222,32.4541
Kyianytsia,51.0696,34.9101
Kyiv,50.4496,30.5224
Kyrpotyne,47.8063,35.4701
Kyrylivka,46.9703625,36.3708625
Kyselivka,46.896057142857146,32.44377142857143
Kysla Dubyna,51.2076,34.4264
Kyslivka,49.640699999999995,37.9048
Kyslyche,47.9117,37.9973
Lantrativka,49.9461,38.2503
Lastochkyne,48.1486,37.6817
Lazarivka,47.879,32.788
Lazurne,46.0876,32.5267
Lebedivka,49.89773333333333,37.5893
Lebyazhe,49.8174,36.9055
Leonidivka,48.3701,37.801
Leonivka,52.2583,32.8443
Leontovychi,48.26489999999999,37.1451
Lepetykha,47.3233,33.0513
Levadne,47.76064285714286,36.59923174603174
Lezhyne,47.8071,35.3607
Likarske,50.9962,34.5293
Lisivka,48.0965,37.3796
Liskivshine,52.1792,32.4385
Lisne,48.963766666666665,35.4629
Liubomyrivka,46.885,32.374
Liubymivka,47.26438181818182,34.18307272727273
Liubytske,47.76930000000001,35.9417
Liutizh,50.6841,30.395
Lobanivka,50.2676,37.4401
Lobkove,47.5222,35.441
Lohy,52.2475,32.5683
Loknia,51.1483,35.058
Losivka,50.1784,36.8989
Loskutivka,48.8051,38.412
Lozova,49.45951294117646,37.786414117647055
Lozova Persha,49.8727,37.5237
Lozove,47.88126857142857,35.10182285714286
Lozuvatske,48.27637272727273,37.371213636363635
Luch,46.82919999999999,32.2214
Luhansk,48.567,39.3171
Luhanske,48.10471395348837,37.909116279069764
Luhivka,50.4462,35.4717
Luhivske,47.5258,36.0303
Luhove,47.4961,35.3714
Lukasheve,47.9596,34.958
Lukashivka,50.911950000000004,33.4826
Lukianivske,47.6114,35.4482
Lukiantsi,50.247,36.5058
Luparevo,46.6935,31.9819
Lutsk,50.7593,25.3424
Lutuhyne,48.4051,39.2268
Luzhky,51.7929,34.1441
Luzhok,50.0822,36.1194
Lviv,49.8407,24.0305
Lvivskiy Otrubiy,46.9416,33.0979
Lvove,46.79089999999999,33.1492
Lyman,48.99349387755102,37.64192755102041
Lyman Druhyi,49.9527,37.8749
Lyman Pershyi,49.7911,37.7061
Lymanets,46.8871,32.8463
Lymany,46.728,31.9733
Lypivka,48.7816,37.8672
Lypove,49.14854102564103,37.83397692307692
Lyptsi,50.2037,36.4077
Lysivka,48.2246,37.2648
Lysychansk,48.9054,38.4353
Lysychanskyi,48.9129,38.3627
Lysychne,48.2747,37.4605
Lytvynove,50.2321,35.9702
Lyubomirivka,47.1861,32.8773
Lyubymivka,47.546490909090906,34.16818181818182
Machulyshcha,51.4302,34.1032
Mahdalynivka,47.964999999999996,35.320725
Maiorsk,48.4005,37.9708
Maiorske,47.2729,29.7763
Maiske,48.51717142857143,37.66248928571429
Makariv,50.4641,29.8113
Makarivka,47.7787,36.8006
Makarove,48.6838,39.5169
Makarykha,50.2429,35.9801
Makiivka,48.62476223021582,37.94970959232614
Maksyma Horkoho,46.1358,33.2862
Maksymilianivka,47.97489999999999,37.3933
Maksymivka,47.70646,36.18164
Mala Bilozerka,47.2513,34.9306
Mala Danylivka,50.0635,36.1656
Mala Kardashynka,46.5051,32.5897
Mala Korchakivka,51.0979,34.8723
Mala Korenykha,46.9261,31.9857
Mala Lepetykha,47.2332,34.0018
Mala Oleksandrivka,47.293,33.2795
Mala Rybytsia,50.9529,35.2125
Mala Seidemynukha,47.1345,33.0071
Mala Shapkivka,49.7877,37.5623
Mala Shestirnya,47.5544,33.5538
Mala Tokmachka,47.5325,35.8978
Mali Kopani,46.4365,32.7272
Mali Prokhody,50.2305,36.3402
Mali Scherbaky,47.5479,35.553
Maliivka,48.45056,37.05822
Malodolynske,46.3537,30.6232
Malokakhovka,46.7815,33.4565
Malokaterynivka,47.65529999999999,35.2558
Malomykhaylivka,48.0869,36.4144
Maloryazantseve,48.885,38.3819
Malotaranivka,48.6629,37.5088
Malovarvarivka,46.9425,31.7031
Malushyne,51.4896,34.2315
Malyi Kermenchyk,47.6275,36.9878
Malynivka,48.061107253886014,36.991508290155444
Manhush,47.0558,37.3107
Mankivka,49.5906,38.4047
Manuilivka,49.74099999999999,37.913
Manukhivka,51.2523,34.1575
Manzhikiv Kut,47.8436,37.983
Marchyhina Buda,51.9647,34.0626
Marfopil,47.6218,36.3616
Marhanets,47.6354,34.6277
Marianivka,47.9408,35.8709
Mariivka,51.002,34.6405
Marine,51.0748,34.9861
Marinka,47.9425,37.505
Mariupol,47.1298,37.571
Marivka,47.942350000000005,35.9231
Markove,48.6535,37.7907
Markyne,47.1891,38.1823
Martynivka,50.3364,35.9313
Maryanske,47.5522,33.9152
Maryine,50.9169,35.3778
Maryivka,47.6149,34.6207
Marynivka,48.1581,37.47308333333333
Masliakivka,48.9706,37.8529
Maslivka,46.6986,33.2334
Masyutivka,49.8135,37.6855
Matiiasove,46.7593,31.4512
Matrosivka,46.7333,31.7476
Matviivka,47.9051,35.3013
Mayak,45.3476,32.4971
Mayaky,48.9469,37.6204
Mazanivka,48.9933,37.352
Mazivka,51.3759,33.9955
Mechnykove,49.7878,38.0022
Melekyne,46.956,37.3933
Meliachykha,51.1802,34.5142
Melitopol,46.8489,35.3653
Memryk,48.1227,37.3982
Merefa,49.823,36.0507
Mervychi,49.9911,24.0401
Metalist,48.14366,38.689499999999995
Metalivka,50.1227,36.8274
Metyolkine,48.9295,38.5549
Mezenivka,50.6349,35.3134
Mezhova,48.2532,36.7347
Mezhove,48.1297,37.6378
Mezhyrich,47.6037,36.4163
Miasozharivka,49.4398,37.9069
Milove,50.1592,37.6581
Miluvatka,49.3411,38.1859
Mine 6/7,48.3767,37.9636
Mineralne,48.0996,37.8254
Minkivka,48.7002,37.8513
Mironivka,48.4855,38.2583
Mishkovo-Pohorilove,46.9945,32.11
Mistky,49.34,38.5056
Mizhvodne,45.586,32.8464
Mkhy,52.1338,32.4098
Mohrytsia,51.0291,35.1131
Mohylivka,47.6181,33.2008
Molochansk,47.2041,35.5979
Molochne,45.2022,33.2219
Molodetske,48.2402,36.9361
Molodizhne,47.277344444444445,34.533366666666666
Momotove,50.0571,36.4548
Monachynivka,49.8256,37.5229
Monastyrske,46.9586,33.5505
Mordvynivka,46.7352,35.3652
Morokhovets,50.27270000000001,36.4703
Morosivka,48.9967,37.3657
Moskalenky,51.0692,34.261
Moskovka,49.7295,37.5657
Mospanove,49.6398,36.7447
Mospyne,47.8794,38.0714
Mount Ai-Petri,44.4483,34.056
Movchanove,49.795,37.6884
Movchany,49.9195,36.3002
Murakhivka,47.2462,33.0207
Muravka,48.1775,36.8976
Musiivka,47.6115,34.4494
Muzykivka,46.752,32.5566
Mykhailivka,47.72203361344538,35.883259663865545
Mykhailo-Zavodske,47.7231,33.777
Mykhalchyna-Sloboda,52.3128,33.2108
Mykhaylivka,48.289790909090904,37.91076363636363
Mykhaylivske,50.8253,35.2997
Mykilske,47.44773686635945,35.77022995391705
Mykolaipillia,48.5269,37.557
Mykolaiv,46.97160704225352,32.05124507042254
Mykolaivka,48.31050552147239,36.92569631901841
Mykolaivka Druha,48.4735,38.0302
Mykolaivka West,50.9395,34.3729
Mykolaivske,46.9292,32.1256
Mykolayivka,48.579825,37.9638
Mylove,47.0691,33.6292
Myrhorod,49.9685,33.6089
Myrivske,48.0867,33.3928
Myrlohy,51.19599999999999,34.5342
Myrna Dolyna,48.8081,38.4781
Myrne,47.95696796875,36.37436484375
Myrnohrad,48.2959,37.2704
Myrnyi,45.3079,33.0352
Myroliubivka,48.24841410788382,37.20742074688797
Myronivka,50.1926,36.0491
Myronivskyi,48.4621,38.2753
Myropillia,51.0273,35.247
Myropilske,50.9415,35.3156
Mysove,45.8684,34.7006
Mytrofanivka,49.9479,37.6784
Naddnipryanske,46.73749999999999,32.7039
Nadiia,49.34013782051282,37.896266025641026
Nadiivka,48.1431,37.007
Nahirne,48.7412,38.2436
Nechaeve,46.5833,32.7442
Nechvolodivka,49.7063,37.5047
Nekremenne,48.8209,37.1358
Nelhivka,47.0518,36.2485
Nelipivka,48.3515,37.837
Neskuchne,48.452759183673464,36.74637551020408
Nesterianka,47.4951,35.6802
Netaylove,48.1083,37.5507
Nevelske,48.0595,37.5754
New York,48.3319,37.8358
Nezlamne,47.4859,33.5747
Nikolske,47.2053,37.3214
Nikopol,47.5712,34.3964
Nizhnya Syrovatka,50.7842,34.8297
Nortsivka,49.311,37.0474
Nova Astrakhan,49.1147,38.5953
Nova Dmytrivka,48.9577,37.1519
Nova Husarivka,49.391,36.8785
Nova Huta,52.2723,33.8472
Nova Kakhovka,46.7545,33.348600000000005
Nova Kaluha,47.40540000000001,33.0511
Nova Kamianka,47.39182941176471,34.11458235294118
Nova Kozacha,50.3015,36.1704
Nova Kruhliakivka,49.4758,37.7203
Nova Mayachka,46.5964,33.2235
Nova Odesa,47.3078,31.7851
Nova Poltavka,48.3645,37.489000000000004
Nova Sich,51.084199999999996,34.9177
Nova Sloboda,51.3749,34.1321
Nova Tarasivka,49.6599,37.9844
Nova Zburivka,46.4549,32.4534
Nova Zoria,46.7427,32.0914
Nove,49.21290434782608,37.74000695652174
Nove Zaporizhia,47.8302,34.9338
Novenke,51.2223,35.1055
Novi Laheri,46.7343,33.2163
Novoaidar,48.9672,39.0028
Novoandriivka,47.60400047393365,35.984976777251184
Novobakhmutivka,48.2489,37.7875
Novoberyslav,46.8576,33.4881
Novobilozerka,47.2929,34.9305
Novobohdanivka,47.05477142857143,34.84484285714286
Novobratske,47.4744,33.2827
Novochervone,49.6304,38.3193
Novodanylivka,47.5242,35.8235
Novodarivka,47.7807,36.6353
Novoderkul,49.1313,39.6235
Novodmytrivka,48.48824126984127,37.28847619047619
Novodonetske,47.77445912408759,36.96009489051095
Novodruzhesk,48.9628,38.3521
Novoekonomichne,48.326,37.3298
Novofedorivka,47.22528775510204,35.785030612244896
Novohorivka,47.3717,35.5424
Novohrednieve,47.1563,33.0006
Novohrodivka,48.20530000000001,37.3388
Novohryhorivka,47.31939285714286,34.305142857142854
Novoiehorivka,49.3349,37.9353
Novoielyzavetivka,47.1536,30.3997
Novoivanivka,47.84409090909091,35.62274545454545
Novokalynove,48.2468,37.6976
Novokamianka,47.5768,34.7424
Novokamyanka,46.6023,33.4705
Novokarlivka,47.5142,36.0389
Novokayiry,47.0117,33.602
Novokhrystoforivka,47.5585,32.7805
Novokostiantynivka,51.1648,34.7208
Novokrasnyanka,49.139,38.2661
Novokyivka,46.9795,33.9987
Novoliubivka,49.1555,37.9502
Novolozuvatka,48.022,33.1643
Novoluhanske,48.426300000000005,38.1711
Novomaiorske,47.7315,37.036
Novomarivka,47.80045,34.6078
Novomarkove,48.67110000000001,37.8259
Novomlynsk,49.8817,37.7349
Novomykhailivka,49.2001,37.871
Novomykhaylivka,47.8538,37.4841
Novomykilske,49.301,38.1799
Novomykolaivka,48.579196296296296,36.13594567901235
Novomykolayivka,46.2286,32.7376
Novonykanorivka,49.6561,38.199
Novoocheretuvate,47.8986,36.8122
Novooleksandrivka,48.21180255319149,37.292967659574465
Novooleksiivka,48.1331,37.2038
Novooleksiyivka,46.2247,34.6403
Novoolenivka,48.24444821428572,37.27166428571429
Novoosynove,49.6193,37.7098
Novoozerne,45.3854,33.1184
Novopavlivka,48.0896012345679,36.739837037037034
Novopetrivka,47.34865,33.686749999999996
Novopetrykivka,47.6264,36.9393
Novopidhorodne,48.2462,36.9005
Novopil,47.8071,36.6246
Novoplatonivka,49.4309,37.6439
Novopokrovka,47.51966912751678,35.99236979865772
Novopokrovske,48.2042,37.564
Novoprokopivka,47.419799999999995,35.8323
Novopskov,49.5464,39.0899
Novopustynka,48.1956,37.1176
Novoraisk,47.010299999999994,33.4867
Novorosiiske,47.2769,33.0927
Novosadove,49.1267,37.9703
Novoselivka,48.166777108433735,37.39554457831325
Novoselivka Druha,48.05014230769231,37.78596538461539
Novoselivka Persha,48.1966,37.5296
Novoselivske,49.523,37.953
Novoselydivka,48.0546,37.2906
Novoserhiivka,48.62048175675676,37.28893581081081
Novosilka,47.83072596685083,36.67003812154696
Novosillia,47.4789,32.8964
Novospaske,48.38640000000001,37.7858
Novostepne,45.6613,34.3872
Novotavrycheske,47.814,35.4599
Novotiahynka,46.7489,32.9939
Novotoretske,48.288900000000005,37.4132
Novotroitske,47.9416705882353,36.952680392156864
Novotroitskoye,48.5783,37.2206
Novoukrainka,47.93147777777778,37.08641629629629
Novoukrainske,47.7072,36.6069
Novouspenivske,47.7427,36.3908
Novovasylivka,48.41464285714286,36.804155102040816
Novovodiane,49.062807142857146,37.73119464285714
Novovolodymyrivka,47.4419,32.729
Novovorontsovka,47.500400000000006,33.9175
Novovoskresenske,47.336,33.588
Novovoznesenske,47.4313,33.6016
Novoyakovlivka,47.6238,35.5083
Novoyehorivka,49.8406,37.968
Novoyelyzavetivka,48.1362,37.0409
Novozhelanne,48.1866,37.4399
Novozlatopil,47.6639,36.5668
Novyi Buh,47.6975,32.505
Novyi Donbas,48.4517,37.1774
Novyi Komar,47.8835,36.838
Novyi Myr,49.2202,37.8307
Novyi Svit,47.8063,38.022
Nykanorivka,48.4187,37.2536
Nykonorivka,48.7712,37.7427
Nykyforivka,48.7706,37.8991
Nyrkove,48.7379,38.3119
Nyzhche Solone,49.3096,37.6494
Nyzhni Sirohozy,46.8484,34.3804
Nyzhniy Rohachyk,47.3449,34.0347
Nyzhnya Duvanka,49.5807,38.1653
Nyzhnyohirskyi,45.4465,34.7397
Nyzy,50.7801,34.7795
Obody,51.2224,34.6275
Obrizne,47.7062,38.2829
Obryvka,46.686,33.2231
Obshche,47.7634,35.8568
Obukhivka,50.0447,37.6362
Ochakiv,46.6128,31.5498
Ocheretino,48.2436,37.6097
Ocheretuvate,47.3689,36.7929
Odarivka,47.7081,35.6216
Odesa,46.4639,30.7386
Odnorobivka,50.4155,35.8622
Odradivka,48.5019,38.0216
Odradne,48.017075,36.87531363636364
Odradokamianka,46.7876,33.3023
Ohirtseve,50.2999,36.8449
Okhrimivka,50.3345,37.2097
Okhtyrka,50.3104,34.8988
Okip,50.8467,35.287
Oktyabrske,45.2955,34.1343
Oleksandriia,51.0563,35.2849
Oleksandrivka,47.9007460251046,37.063397489539746
Oleksandriya,48.6696,33.1159
Oleksandro-Kalynove,48.4133,37.6728
Oleksandro-Shultyne,48.4861,37.8265
Oleksandrohrad,47.9763,36.604
Oleksandropil,48.277125806451615,37.70123741935484
Oleksiievo-Druzhkivka,48.5801,37.6098
Oleksiivka,48.54679572649572,36.56901452991453
Olenivka,47.58779166666667,36.99865
Olenokostiantynivka,47.7259,36.1832
Olenovka,48.26500000000001,38.2586
Oleshky,46.6184,32.7189
Olhivka,48.44537608695653,36.332869565217386
Olhivske,47.7356,36.533
Olhyne,47.43946666666667,33.51862666666666
Olhynka,47.6976,37.5003
Oliynykove,50.2675,36.4838
Olshanytsia,49.6612,30.6417
Omelnyk,47.6418,35.8773
Opytne,48.258547540983606,37.82804631147541
Orikhiv,47.5673,35.7858
Orikhove,48.7191,38.5695
Orikhovo-Vasylivka,48.6801,37.8802
Orikhuvatka,48.8055,37.7718
Orishanka,50.249,35.9387
Orlianka,49.6865,37.9286
Orlivka,48.264995402298844,37.4648183908046
Orlivshchyna,48.6593,35.3589
Orlynske,47.6507,36.7645
Oskil,49.1745,37.4272
Osoivka,50.9107,35.1633
Osokorivka,47.447300000000006,33.9232
Ostrivske,48.0022,37.3463
Ostrovske,49.2912,37.9343
Ostrykivka,47.2538,35.8928
Osynovo,49.6391,37.6137
Ozarianivka,48.4503,37.9548
Ozerne,49.32493333333333,34.853233333333336
Ozeryanivka,48.2737,37.9725
Palamarivka,49.7559,37.5129
Panteleimonivka,48.21915913461539,37.94706826923077
Paraskoviivka,48.11738235294118,37.61676862745098
Partyzanske,47.0713,32.5333
Parutyne,46.7046,31.8978
Pasika,49.0726,37.4633
Patalakhivka,49.4032,38.0062
Pavlivka,48.545372200772206,36.37112239382239
Pavlivske,47.9457,35.4627
Pavlohrad,48.5343,35.871
Pazeno,48.76760000000001,37.9755
Pechenihy,49.8717,36.9347
Pecheniuhy,52.0535,33.0111
Perebudova,47.9848,36.7391
Pereizne,48.7717,38.0635
Peremoha,50.006685714285716,35.487399999999994
Peremozhne,47.4045,35.5259
Peresadivka,47.1105,32.1884
Peresichna,50.0245,35.9787
Perevalne,44.8449,34.3165
Perevalsk,48.4378,38.8438
Perovske,50.4067,35.8349
Pershe Travnia,48.1016,34.9439
Pershotravensk,48.3471,36.401
Pershotravneve,47.461014285714285,34.94202857142857
Pervomaisk,48.6295,38.549
Pervomaiske,46.5846,32.4029
Pervomaiskyi,48.394625,37.45955
Pervomayivka,47.3293,34.1002
Pervomayske,48.07253145631068,37.471953398058254
Petrivka,48.74673833333333,36.980336666666666
Petrivske,48.033054794520545,37.48768767123288
Petro-Ivanivka,49.9259,37.6924
Petropavlivka,49.56588070588235,37.66409929411765
Petrovskoye,47.6305,37.8428
Petrushivka,50.9035,35.293
Piatyhirske,49.448,36.6144
Piddubne,48.012,36.6921
Pidhorodne,48.6346,38.0303
Pidkuychansk,49.4779,38.0108
Pidlisne,48.805,38.4487
Pidlyman,49.3369,37.6046
Pidstepne,46.6606,32.8979
Pidvysoke,49.394,37.4445
Pinchuky,50.0051,30.2277
Pischane,49.46657428571429,37.83186571428571
Pishchane,48.894646,37.32961866666667
Pishchanivka,46.6496,32.84
Pisky,48.29791208791208,37.695870329670335
Pisky-Radkivski,49.2671,37.6079
Pivdenne,48.3564,37.9269
Pivnichne,48.3982,37.9175
Platonivka,48.897,38.0148
Plavni,47.5626,35.3335
Pleshchiivka,48.4569,37.7795
Pletenivka,50.3348,36.9315
Plodove,46.7371,33.4025
Ploshchanka,49.2088,38.0832
Ploske,50.0423,37.3501
Plotnytske,47.1564,33.613
Pobieda,47.9163,37.4631
Podilske,48.5738,37.7696
Podo-Kalynivka,46.5188,33.1265
Podoly,49.6835,37.6761
Podvirky,49.9804,36.092
Pody,46.4664,32.8223
Pohrebnyakivka,50.0057,37.8532
Pokaliane,50.2983,37.0721
Pokotylivka,49.9166,36.1803
Pokrovka,47.920366666666666,32.9218
Pokrovsk,48.281,37.1814
Pokrovske,48.03127735849057,35.85007924528302
Polihon,46.9778,32.129
Polohy,47.4844,36.2536
Polovynkyne,49.24,38.9129
Poltava,49.5937,34.5407
Poltavka,48.00084647887324,36.87415915492958
Polyana,47.1667,32.6833
Poniativka,46.7465,32.9123
Ponomarenky,50.4138,35.5464
Popasna,48.6333,38.378
Popiv Yar,48.419,37.4577
Popivka,50.33417142857143,35.82707142857143
Porozok,50.562,35.373
Porskalivka,49.9842,34.2138
Posad Pokrovske,46.803,32.268
Potykhonove,50.2923,37.5443
Poyma,46.6314,32.8325
Pravdyne,46.737899999999996,32.2037
Prechystivka,47.7788,37.0753
Predtechyne,48.5234,37.8121
Preobrazhenka,47.94549545454545,36.60075454545454
Priyutne,47.7271,36.6736
Prohres,48.3116693877551,37.41321632653061
Prokhody,50.9208,35.3411
Prokopivka,49.6456,37.5666
Promin,48.26910000000001,37.3179
Prosiana,48.1189,36.3695
Prudyanka,50.2361,36.1684
Pryazovske,46.7343,35.6425
Prybuzke,46.7776,32.0931
Prydniprovske,46.6778,32.7892
Prykolotne,50.1599,37.3501
Prylipka,50.2528,36.8463
Pryluky,50.5932,32.3876
Prylymanske,46.4269,30.6126
Prymorsk,46.7348,36.3443
Prymorske,47.62810000000001,35.2867
Prymorskyi Posad,46.6157,35.7322
Pryozerne,46.6364,32.4716
Pryshyb,49.0137,37.18545
Prystin,49.5944,37.6373
Pryvillia,48.970780000000005,38.209680000000006
Pryvillya,48.850621052631574,37.90527894736842
Pryvilne,47.88511052631579,36.62358947368421
Pryvitne,47.187200000000004,34.10895
Pshenychne,47.3615,35.8458
Ptyche,48.1655,37.4517
Pustohorod,51.8469,34.1325
Pustynka,48.1622,37.1792
Putnykove,49.9061,37.6344
Pyatykhatky,47.45838971428571,35.15811828571429
Pylna,50.2862,36.5181
Pylypchatyne,48.608,38.2465
Pyriatyn,50.2424,32.5062
Pysarivka,51.00582857142857,35.02538095238096
Pyskunivka,48.8866,37.8351
Pytomnyk,50.1677,36.2611
Radekhiv,50.2825,24.6428
Radensk,46.558,32.927
Radkivka,50.00096,37.03718
Radushne,47.8227,33.5015
Rai-Oleksandrivka,48.80748333333333,37.95008333333333
Raihorodka,49.315333333333335,38.085055555555556
Raihorodok,48.8982,37.7275
Raipole,48.2637,36.8377
Raiske,48.5698,37.4664
Rakivka,46.9347,33.2517
Rayske,46.720800000000004,33.2978
Razine,48.3664,37.3123
Reni,45.4573,28.2932
Reshetylivske,47.5761,36.3421
Respublika,47.2549,37.2003
Respublikanets,47.0067,33.6485
Reviakyne,51.484,34.0907
Riasne,50.6896,35.3945
Richky,51.1197,34.4947
Ridkodub,49.29920352941177,37.76781882352941
Ridne,48.9835,37.072
Ripky,51.801,31.0838
Rivne,47.940539393939396,35.1932393939394
Rivnopil,47.7868,36.7004
Rivnopillia,47.7431,36.3185
Rizdvyanka,47.7992,36.0554
Riznykivka,48.8383,37.973
Riznykove,50.3108,37.4208
Robotyne,47.4478,35.837
Rodakovo,48.5589,39.0253
Rodionivka,52.0001,34.0865
Rodynske,48.3562,37.2124
Rohan,49.9031,36.4794
Rohizne,51.257,34.4517
Rohy,48.8728,30.4513
Romanivka,48.10359636363636,37.40347818181818
Romanivske,47.3836,36.036
Romashkino,45.2564,33.2551
Romashkove,46.5989,32.4361
Romny,50.751,33.4747
Roty,48.5178,38.232
Rovenky,48.082,39.3712
Rozdolivka,48.7545,38.0814
Rozdolne,47.74006057692308,36.65440288461538
Rozivka,48.380806666666665,38.19406
Rozlyv,47.96178257575758,36.96447878787879
Rozsokhuvate,50.3253,35.9595
Rozsoshi,50.3406,35.4309
Rozumivka,47.75300000000001,35.1393
Rtyshchivka,49.7219,36.7794
Rubinivka,45.5792,34.4451
Rubizhne,49.136948648648655,38.21165675675676
Rublene,50.2885,37.573
Rubtsi,49.1772,37.5666
Rudnieve,51.4193,34.0026
Rumyantsevo,48.34290000000001,38.068
Rusakivka,45.1179,34.4713
Ruska Lozova,50.1416,36.2899
Ruski Tyshky,50.1347,36.4188
Rusyn Yar,48.44769999999999,37.5067
Rybalche,46.4762,32.2339
Rybatske,47.0065,37.4519
Rybne,47.8115,36.3428
Rykove,46.3358,34.7508
Ryzhivka,51.2527,34.249
Sabivka,48.5883,39.146
Sablukivka,47.1221,33.7705
Sadky,50.98328333333333,35.04193333333333
Sadok,47.172,33.3349
Sadove,46.78735402298851,32.994286206896554
Sadovod,49.94989999999999,37.5485
Sahy,46.6005,32.7864
Sakko I Vancetti,48.74710000000001,38.0308
Saky,45.132,33.5932
Samiilvka,47.8864,36.0138
Sanzhiika,46.2351,30.6082
Sarabash,47.7613,37.7912
Sarny,51.338,26.6019
Schastia,48.7412,39.2354
Schurivka,49.3997,36.93
Sea Of Azov,46.1,36.579
Selydove,48.1478,37.2977
Semenivka,48.2696969072165,37.481298969072164
Semydvorye,44.7172,34.4643
Semyhiria,48.4661,38.1595
Semykhatka,46.1723,34.732
Senkivka,52.089,31.7781
Senkove,49.527,37.6838
Serebrianka,48.9211,38.1276
Serednie,49.1244,37.7059
Seredyna-Buda,52.189,34.0364
Serhiivka,48.644614814814815,37.40296049382716
Sevastopol,44.6121,33.5244
Severodonetsk,48.9467,38.4914
Shabelkivka,48.7515,37.4925
Shabelne,50.4223,37.3166
Shakhove,48.4599,37.3508
Shakhta Glubokaya,47.9986,37.9411
Shakhta Imeni Gagarina,48.3435,37.942
Shakhta Imeni Izotova,48.3711,37.993
Shakhta Imeni Lenina,48.3238,38.0069
Shakhta Trudovskaya,47.9512,37.5492
Shakhtarsk,48.0566,38.4383
Shakhtarske,47.8601,37.0037
Shalyhyne,51.5717,34.1217
Shandryholovo,49.0908,37.7211
Shatsk,51.5021,23.9381
Shchaslyve,46.732866666666666,33.2382
Shchaslyvtseve,46.0325,34.8342
Shcherbaky,47.5514,35.5816
Shcherbynivka,48.3943,37.7901
Shcholkine,45.4279,35.8238
Shchurove,48.9616,37.7163
Shebelynka,49.4581,36.5186
Shelkovichnoe,45.1877,33.6836
Shepetivka,50.1855,27.0637
Shestakove,50.06980000000001,36.6244
Shesterivka,50.1862,36.9144
Shevchenka,47.492349999999995,35.82635
Shevchenkivka,47.3584,33.8375
Shevchenkivske,47.9302,36.0668
Shevchenko,48.03970168067227,37.059775210084034
Shevchenko Pershe,48.3716,37.4073
Shevchenkove,48.119016666666674,34.99537222222222
Shevelivka,49.3462,36.7479
Shlyakhove,46.8685,33.43
Shmidtove,46.8746,32.4625
Shnurky,48.9059,37.3091
Shostka,51.863,33.4698
Shpyl,51.2254,34.4687
Shtormove,45.2684,33.0873
Shuby,50.2576,35.6702
Shumy,48.3802,37.9339
Shuryne,46.8877,31.8307
Shyikivka,49.3486,37.7701
Shypilivka,48.9694,38.2717
Shypuvate,49.9381,37.4089
Shyroka Balka,48.231929166666674,37.69152916666667
Shyroke,47.323791666666665,33.586475
Shyrokolanivka,47.1668,31.4308
Sichneve,47.9442,36.5876
Siedove,47.0708,38.1594
Sieverne,48.12719509433962,37.68021886792453
Sil,48.7155,38.0341
Simferopol,44.9502,34.1017
Siversk,48.8726,38.096
Siyatel,47.892,38.5219
Skadovsk,46.1161,32.9112
Skarhovka,49.2061,38.4915
Skelki,47.4335,35.1319
Skrypai,49.7265,36.6027
Skuchne,48.1646,37.4921
Skudne,47.9095,36.7981
Slatyne,50.2138,36.1653
Slavhorod,49.345,35.43645
Slavne,47.77236666666667,37.33792666666667
Slavuta,50.3016,26.8651
Slobozhanske,49.88550833333333,36.48331666666667
Slovianka,48.0689,37.1293
Slovyanoserbsk,48.6978,38.9813
Slovyansk,48.8533,37.6065
Smolyne,51.8695,34.1413
Smorodkivka,49.7676,37.4938
Snihurivka,47.0702,32.7914
Snizhne,48.0299,38.7662
Sobolivka,49.70419999999999,37.5597
Sofiivka,48.40540769230769,36.741284615384615
Sokil,48.2323,37.5523
Soldatske,46.853249999999996,32.38289999999999
Soledar,48.6969,38.0611
Soliane,45.3288,35.412
Solodka Balka,47.3858,35.7878
Solodke,47.789281632653065,37.443459183673475
Solodkovodne,47.56640000000001,36.7674
Solonchaky,46.6449,31.8181
Solone,48.2124,37.0509
Solontsi,46.572,32.6678
Solovyove,48.2247,37.5975
Sontseve,47.8643,32.5188
Sontsivka,48.0522,37.1884
Sorokyne,48.2924,39.7392
Sosnivka,50.6632125,35.287856250000004
Sosnovyi,49.4534,38.1204
Sotnytskyi Kozachok,50.4307,35.9227
South Coast Of Crimea,44.59,34.849
Spartak,48.079,37.7635
Spirne,48.81231034482758,38.251043501326265
Sribne,48.1055,37.0142
Stanislav,46.579,32.1496
Stantsiya Klevan',51.739,34.1422
Stara Bohdanivka,46.8447,31.9122
Stara Hnylytsia,49.7368,36.6874
Stara Huta,52.31,33.7949
Stara Krasnianka,49.0377,38.2885
Stara Maiachka,46.5092,33.1815
Stara Mykolaivka,48.328799999999994,37.6786
Stara Pokrovka,49.815,36.5432
Stara Zburivka,46.4706,32.4193
Stare,48.4393,38.5583
Stare Selo,50.8263,34.8079
Stari Borovychi,51.8799,31.8547
Stari Terny,48.01370000000001,37.207
Starobesheve,47.7504,38.0305
Starobilsk,49.2783,38.9107
Starobohdanivka,47.115,35.4895
Starodubivka,47.9972,37.417249999999996
Starokostiantyniv,49.7576,27.2034
Staromaiorske,47.7528,36.7957
Staromlynivka,47.6975,36.8247
Staromykhaylivka,47.9914,37.586
Staroraiske,48.6091,37.4467
Starosillia,47.3807,33.3806
Staroukrainka,47.6691,36.1458
Starovirivka,49.6888,37.4277
Starychi,49.9765,23.5489
Staryi Karavan,48.9218,37.7816
Staryi Krym,47.16139999999999,37.4869
Staryi Saltiv,50.0761,36.7936
Starykove,51.6209,34.1471
Starytsia,50.21585793650793,36.76524285714286
Stavky,49.048399999999994,37.8349
Stelmakhivka,49.4689,37.9059
Stepanivka,48.73277222222222,36.517605555555555
Stepano-Krynka,47.9186,38.3434
Stepne,47.82743235294117,36.439694117647065
Stepnohirsk,47.5867,35.356
Stepok,50.8508,35.3941
Stepova Dolyna,46.7785,32.1822
Stepova Novoselivka,49.660700000000006,37.8615
Stepove,47.98129046321526,37.05409100817439
Stepy,49.3829,37.8544
Stetskivka,50.82638333333333,35.23585
Stiike,47.0669,33.2075
Stinky,48.5788,37.7388
Stohnii,50.3697,35.9428
Storozheve,47.80010000000001,36.798
Strilecha,50.3014,36.3994
Strilkove,45.8957,34.8834
Stritenka,47.5099,37.4792
Stroivka,50.04319999999999,37.8765
Stryapivka,48.6707,38.1502
Studenok,50.82456666666667,35.24726666666667
Stukalivka,51.2093,34.2886
Stulneve,47.2201,36.0935
Stupochky,48.5365,37.827
Sukha Balka,48.3225,37.7604
Sukha Kamyanka,49.0893,37.3466
Sukhanove,47.1295,33.5357
Sukhi Yaly,47.9449,37.1222
Sukhodilsk,48.3525,39.7252
Sukhyi Lyman,46.397,30.6355
Sukhyi Stavok,47.1557,33.1031
Sukhyi Yar,48.2326,37.2703
Sulyhivka,49.0266,37.2432
Sumy,50.9216,34.8003
Susanine,45.4987,33.7
Svarkove,51.6142,34.0307
Svatove,49.4103,38.1504
Sverdlovsk,48.0896,39.6524
Svesa,51.9507,33.9347
Svitle,47.8914,37.3448
Svitlodarsk,48.438,38.2235
Svitlodolynske,47.0815,35.5111
Svitlychne,50.3251,36.0542
Svobodne,47.5313,37.5637
Svobodnoye,47.3624,38.0629
Svyato-Pokrovske,48.8315,38.0547
Svyatohirsk,49.0333,37.5666
Svyatopetrivka,47.6902,36.161
Svyrydonivka,48.2827,37.4463
Sydorove,48.9853,37.6022
Syhnalne,47.8456,37.6438
Symynivka,50.2095,36.8959
Synelnykove,50.09589166666667,36.783175
Synkivka,49.7634,37.7053
Synykha,49.5236,37.5766
Syrotyne,48.9144,38.5115
Syvash,45.9689,34.4904
Tabaivka,49.5959,37.8752
Tamaryne,47.0191,33.0024
Taramchuk,47.8051,37.5769
Tarasa Shevchenko,46.9571,33.2851
Tarasivka,48.067896078431374,37.33553137254901
Taratutyne,50.73,35.3743
Tavilzhanka,49.8393,37.7755
Tavriia,46.767314285714285,34.104614285714284
Tavriiske,46.81133333333334,32.432233333333336
Tavriysk,46.755,33.4251
Tavriyske,47.12531764705882,34.405635294117644
Tavrychanka,46.5515,33.8201
Tekstylnyk,47.9442,37.6928
Telmanove,47.4099,38.0248
Temyrivka,47.8235,36.5722
Teplychne,48.5842,39.2249
Ternivka,47.491955555555556,33.68868888888889
Ternopil,49.5559,25.6056
Ternova,50.1852,36.6755
Ternove,47.965533333333326,37.88613333333333
Ternovi Pody,46.8593,32.3848
Ternuvate,47.8299,36.127
Terny,49.16282566191446,37.968419144602855
Terpinnia,46.9754,35.4206
Teterivka,50.237,28.5745
Tetyanivka,49.0363,37.591
Tiahynka,46.781400000000005,33.0559
Tokareve,47.301,33.1657
Tokarivka,46.898924770642196,33.148076146788995
Tokmak,47.2552,35.7124
Tolstoi,48.0378,36.6853
Tomaryne,46.8727,33.3051
Tomyna Balka,46.6244,32.3078
Tonenke,48.1386,37.6431
Topoli,49.9623,37.9074
Topolia,51.7556,34.1998
Topolivka,47.99358,36.31156
Topolyne,47.5339,33.556
Toretsk,48.3934,37.8453
Toretske,48.4998,37.3641
Torske,49.015563099630995,37.95930590405904
Tovstodubove,51.8469,34.2477
Travneve,48.68094000000001,37.891569999999994
Troitske,48.27041447368421,37.59531447368421
Trostianets,50.4848,34.9657
Trudivski,47.5844,37.6573
Trudoliubivka,46.9207,32.6098
Trudolyubivka,47.4467,33.697
Trudoolenivka,47.8551,35.7258
Trudove,47.81258518518519,37.12413703703704
Tryfonivka,47.253299999999996,33.5138
Tsehelne,50.2534,36.9086
Tsukrova Holovka,44.5836,33.6401
Tsukury,46.7007,33.4273
Tsukuryne,48.0842,37.3166
Tsupivka,50.27,36.1727
Tsvitkove,47.7001,36.1295
Tsyrkuny,50.0824,36.3857
Tur,51.6764,24.2783
Turia,50.8952,35.3546
Turove,50.3099,36.1498
Tverdokhlibove,49.63127536231884,38.16883623188406
Tykhe,50.3086,37.0117
Tykhonivka,48.7186,37.7837
Tykhotske,49.0811,37.3611
Tymchenky,49.2238,36.1426
Tymkivka,49.699,37.8833
Tymofiivka,48.35642857142857,37.42760357142857
Tymonovychi,52.2958,32.4303
Tyshchenkivka,49.7672,37.5515
Tytove,47.2075,36.5945
Udachne,48.2405,36.9911
Udy,50.38459999999999,36.0606
Uhroyidy,50.8629,35.2782
Ukrainka,47.99785555555555,36.49148333333333
Ukrainsk,48.0947,37.3586
Ukrainske,47.2859,37.9307
Ulakly,47.9974,37.0851
Ulanove,51.7554,34.3011
Ulyanivka,46.2066,32.9501
Umanske,48.1544,37.5653
Urozhaine,47.719787272727274,36.74948
Urzuf,46.9157,37.0985
Usatove,46.5225,30.6029
Uspenivka,47.969300000000004,37.0214890625
Utskove,51.4349,34.1356
Vakalivshchyna,51.02869999999999,34.9305
Valentynivka,48.3119,37.7617
Valeryanivka,47.639,37.3796
Valky,49.836,35.6122
Valuyske,48.6747,39.5368
Varachyne,51.1417,34.9237
Varvarivka,48.40652222222222,36.86841111111111
Vasylenkove,49.7789,37.0419
Vasylivka,47.572382075471694,35.51655660377359
Vasylivske,52.282,33.4896
Vasyltsivka,49.9244,37.6331
Vasyukivka,48.74,37.9954
Vasyutynske,48.7122,37.7369
Vavylove,46.9245,32.4703
Veletenske,46.5716,32.3936
Velyka Babka,49.9816,36.7463
Velyka Bilozerka,47.2776,34.7062
Velyka Komyshuvakha,49.114200000000004,36.9899
Velyka Kostromka,47.5336,33.7212
Velyka Lepetykha,47.1757,33.9436
Velyka Novosilka,47.8453,36.8353
Velyka Oleksandrivka,47.3197,33.3037
Velyka Pysarivka,50.424299999999995,35.4799
Velyka Rybytsia,51.0086,35.1765
Velyka Znamyanka,47.4454,34.3508
Velyke,45.3076,33.3505
Velyke Artakove,47.22109999999999,33.0632
Velyki Kopani,46.4882,32.9735
Velyki Prokhody,50.2001,36.3362
Velykomykhailivka,47.9751,36.4561
Velykooleksandrivka,48.3785,35.9195
Velykopillia,46.9353,32.6549
Velykyi Burluk,50.0617,37.3837
Velykyi Dalnyk,46.4749,30.561
Velykyi Prykil,50.9291,35.2543
Velykyi Vyselok,49.8356,37.8836
Verbove,47.45374836956522,35.96245760869565
Veremiivka,47.4039,33.5671
Verkhni Sirohozy,46.9107,34.4086
Verkhnia Krynytsia,47.49,35.2802
Verkhnia Pysarivka,50.1896,36.8462
Verkhnia Tersa,47.6957,36.0827
Verkhniy Rohachyk,47.2505,34.338
Verkhniy Saltiv,50.1304,36.8037
Verkhniy Tokmak,47.1816,36.363
Verkhnokamianske,48.859,38.1962
Verkhnyokamianka,48.8548,38.2707
Verkhnyosadove,44.6892,33.7015
Verkhnyoshyrokivske,47.2352,37.8638
Verkhnyotoretske,48.2138,37.8797
Vershyna,48.5188,38.1194
Vesela Dolyna,48.5502,38.0658
Vesele,48.392579081632654,37.38007729591837
Veselivka,51.2012,34.936
Veselyanka,47.6832,35.3676
Veselyi Hai,47.8981,37.2578
Veselyi Kut,47.5981,32.8816
Veterynarne,50.3907,36.1953
Vidrodzhennia,48.214499999999994,37.1721
Vidrodzhennya,48.5254,38.2204
Vilcha,50.2472,36.9378
Vilkhuvatka,50.1842,37.5156
Vilna Sloboda,51.8139,34.2283
Vilna Ukraina,46.6947,33.6357
Vilne,47.10221428571429,35.69061428571428
Vilne Pole,47.8766,36.6843
Vilniansk,47.9438,35.4354
Vilnoandriivka,47.9669,35.1422
Vilshana,49.7926,37.7619
Vinnytsia,49.2296,28.4659
Virivka,46.89419999999999,33.1739
Virnopillia,49.0319,37.1253
Viroliubivka,48.6132,37.7142
Vitove,49.1038,32.747
Vitrove,46.976,32.9823
Vityne,45.2082,33.1539
Vladivka,47.1676,36.0105
Vnukove,45.4772,32.9792
Vodiane,47.99785868372943,37.519331992687384
Vodiane Druhe,48.3357,37.5056
Vodianske,48.4099,37.1054
Vodolahy,51.1787,34.9206
Voievodske,49.9426,38.539
Volfyne,51.24300000000001,34.4629
Volnovakha,47.601,37.4967
Volodymyrivka,48.3105695431472,37.232534517766496
Volodyne,47.6956,36.7506
Volokhiv Yar,49.5965,36.9846
Volokhivka,50.3084,37.1392
Voloska Balakliia,49.6185,37.3288
Voronivka,51.1016,34.2906
Voronove,48.8989,38.5698
Voronovytsia,49.1029,28.6894
Vorozhba,51.1733,34.2192
Voskhod,48.2303,37.534
Voskresenka,47.874500000000005,36.601283333333335
Voskresenske,47.0133,32.1454
Vovchansk,50.29079999999999,36.9411
Vovchanski Khutory,50.2989,37.0333
Vovche,48.201544444444444,37.366611111111105
Vovchenka,48.0124,37.3673
Vovchoyarivka,48.8358,38.3648
Vovchyi Yar,49.252787500000004,37.5578
Vovkivka,51.52,34.2598
Vovkove,48.2296,37.0807
Voyevodivka,48.98,38.4444
Vozdvyzhenka,48.33453782051283,37.64062628205129
Vozdvyzhivka,47.7472,36.0797
Voznesenka,47.99139411764706,37.14190588235294
Voznesensk,47.585,31.3321
Vremivka,47.834,36.8146
Vrubivka,48.7383,38.3866
Vuhledar,47.7789,37.2481
Vuhlehirsk,48.3119,38.2609
Vuhliar,48.0168,38.0615
Vyazove,51.2082,33.3933
Vyhoda,46.6165,30.4003
Vyimka,48.8043,38.1474
Vylkove,45.4034,29.5826
Vynohradne,46.4825,32.1686
Vynohradove,46.37199999999999,32.9404
Vyshche Solone,49.2839,37.7321
Vyshchetarasivka,47.56730000000001,34.8807
Vyshneve,48.97919230769231,37.60247076923077
Vysoka Yaruha,50.2733,36.3185
Vysoke,47.67758539325843,36.175168539325846
Vysokopillia,47.4919,33.5306
Vysunsk,47.2611,32.8232
Vysuntsi,46.7254,32.5832
Vyvodove,47.7042,34.9016
West Coast Of Crimea,45.614,35.222
West Coast Of Kherson,45.986,31.97
Western Black Sea,43.517,31.245
Yablukove,47.7279,36.3257
Yablunivka,49.69068000000001,36.40626666666667
Yahidne,48.790753191489365,37.97383049645391
Yakovlivka,48.47378125,38.003560416666666
Yakymivka,46.6997,35.1592
Yalta,47.6008125,36.425225
Yalynske,47.6428,36.9345
Yamne,50.4065,35.3943
Yampil,49.03271666666667,37.804003333333334
Yampolivka,49.070800000000006,37.9546
Yanivka,51.8217,34.0238
Yantarne,47.5780546875,35.909471875
Yanzhulivka,52.2935,32.56
Yaremivka,49.0853,37.454
Yarova,49.0596,37.6402
Yasenove,48.1056,37.0666
Yasna Polyana,47.87532,36.94495333333332
Yasne,47.5607,37.066428571428574
Yasnobrodivka,48.1371,37.5452
Yasnohirka,48.7784,37.5545
Yasnohorivka,48.2067,37.7244
Yastrubshchyna,51.7468,34.2594
Yastrubyne,51.142999999999994,34.6287
Yasunivka,48.1341,37.9476
Yasynuvata,48.1298,37.8594
Yavirske,49.5518,36.7527
Yavkine,47.2719,32.6125
Yavoriv Combat Training Center,49.9243,23.3852
Yehorivka,47.676387500000004,36.742349999999995
Yelyzavetivka,48.184290833333336,37.372706666666666
Yenakijeve,48.2362,38.2073
Yevhenivka,48.156901694915256,37.46882372881356
Yevpatoria,45.1928,33.3674
Yizdetske,50.4807,35.4026
Yulivka,47.7035,35.4388
Yunakivka,51.1213,35.0342
Yurchenkove,50.1867,37.0923
Yurivka,48.178416666666664,37.719566666666665
Yurkivka,47.654500000000006,35.655
Yuvileine,47.777874999999995,36.937975
Zabaryne,46.4664,32.2972
Zabolottya,51.3071,25.9367
Zachativka,47.4737,37.1982
Zahirne,47.5686,36.1745
Zahoruykivka,49.7027,37.8349
Zahryzove,49.5046,37.7122
Zaichisvke,47.0357,32.1127
Zaitseve,48.43015073891626,38.0100118226601
Zakitne,48.8964,37.9646
Zalizna Balka,48.32,37.9215
Zalizne,48.3718,37.8884
Zaliznianske,48.7007,37.9458
Zaliznychne,47.67789166666666,36.18297916666667
Zaliznyi Mist,52.2129,32.7025
Zaliznyi Port,46.1231,32.2948
Zalyman,49.37,37.0578
Zalyvne,47.8622,35.8926
Zamulivka,50.13570000000001,36.7655
Zaozerne,45.1561,33.2754
Zapadne,49.8219,37.6145
Zapasne,47.6483,35.5313
Zaporizhia,47.8479,35.1602
Zaporizhzhia,48.053537500000004,36.8318125
Zaporizke,47.861599999999996,37.69132
Zapsillia,51.0256,35.2211
Zarichne,48.95921790123457,37.74957962962963
Zarozhne,49.9553,36.6798
Zarubynka,50.1647,37.5527
Zarutske,51.6559,34.0266
Zatyshne,49.6635,37.9399
Zatyshok,48.3873,37.2554
Zatyshshia,47.6852,36.3284
Zavitne,48.036069999999995,37.04407
Zavitne Bazhannia,47.7212,36.8144
Zavodivka,47.0501,33.8057
Zelena Dolyna,49.1303,37.8067
Zelena Roshcha,48.6769,39.3891
Zelene,48.68817222222222,37.05112916666667
Zelene Pole,47.988279781420765,36.925743715847
Zelenivka,47.5939,35.77057297297297
Zelenodolsk,47.5668,33.6474
Zelenopil,47.5522,36.8468
Zelenopillia,48.4715,37.963
Zelenotropynske,46.2725,32.4382
Zelenyi Hai,48.82814242424242,36.78589242424243
Zelenyi Kut,48.0215,36.896
Zelenyi Yar,47.1002,35.9597
Zemlianky,50.3958,37.444
Zemlyanky,48.1319,37.9127
Zhdanivka,48.1463,38.257
Zhelanne,48.2084,37.4443
Zhelanne Druhe,48.0591,37.417
Zhelanne Pershe,48.0731,37.4234
Zherebyanky,47.5013,35.43
Zhovkva,50.0583,23.9726
Zhovte,48.1861,37.1473
Zhovtneve,49.8412,38.1665
Zhuravka,50.97594915254237,35.1867313559322
Zhytlivka,49.1003,38.1908
Zhytomyr,50.2649,28.6767
Zirka,48.0343,36.72
Zmiiv,49.6745,36.3478
Zmiivka,47.080125,33.956291666666665
Zmiyinyy Island,45.2549,30.2037
Znob-Novhorodske,52.2629,33.6016
Zolochiv,50.2799,35.9818
Zolota Balka,47.3784,33.9647
Zolota Nyva,47.7943,36.9905
Zolotarivka,48.81459285714286,38.26649285714286
Zolote,48.692600000000006,38.5145
Zolote-1,48.7107,38.5073
Zolote-5,48.6719,38.56
Zoria,48.0808,37.1815
Zoriane,47.0274,35.7009
Zorya,48.31276666666667,37.497286666666675
Zoryane,48.0355,37.3966
Zorynsk,48.4119,38.6236
Zrubanka,50.29,36.0038
Zuhres,48.0179,38.2698
Zvanivka,48.8141,38.076
Zvirove,48.2502,37.126
Zvizdne,45.2832,34.0713
Zvonetske,48.2412,35.1735
Zybyne,50.3056,37.0812
Zymivnyk,46.6413,32.5468
Zymohiria,48.5855,38.9277
